-- --------------------------------------------------------
-- Hôte:                         127.0.0.1
-- Version du serveur:           8.0.42 - MySQL Community Server - GPL
-- SE du serveur:                Win64
-- HeidiSQL Version:             12.8.0.6908
-- --------------------------------------------------------

/*!40101 SET @OLD_CHARACTER_SET_CLIENT=@@CHARACTER_SET_CLIENT */;
/*!40101 SET NAMES utf8 */;
/*!50503 SET NAMES utf8mb4 */;
/*!40103 SET @OLD_TIME_ZONE=@@TIME_ZONE */;
/*!40103 SET TIME_ZONE='+00:00' */;
/*!40014 SET @OLD_FOREIGN_KEY_CHECKS=@@FOREIGN_KEY_CHECKS, FOREIGN_KEY_CHECKS=0 */;
/*!40101 SET @OLD_SQL_MODE=@@SQL_MODE, SQL_MODE='NO_AUTO_VALUE_ON_ZERO' */;
/*!40111 SET @OLD_SQL_NOTES=@@SQL_NOTES, SQL_NOTES=0 */;


-- Listage de la structure de la base pour railway
CREATE DATABASE IF NOT EXISTS `railway` /*!40100 DEFAULT CHARACTER SET utf8mb4 COLLATE utf8mb4_0900_ai_ci */ /*!80016 DEFAULT ENCRYPTION='N' */;
USE `railway`;

-- Listage de la structure de table railway. brand
CREATE TABLE IF NOT EXISTS `brand` (
  `id` int NOT NULL AUTO_INCREMENT,
  `name` varchar(100) NOT NULL,
  PRIMARY KEY (`id`),
  UNIQUE KEY `name` (`name`)
) ENGINE=InnoDB AUTO_INCREMENT=190 DEFAULT CHARSET=utf8mb4 COLLATE=utf8mb4_0900_ai_ci;

-- Listage des données de la table railway.brand : ~135 rows (environ)
DELETE FROM `brand`;
INSERT INTO `brand` (`id`, `name`) VALUES
	(46, 'Acura'),
	(86, 'Aiways'),
	(96, 'Aixam'),
	(23, 'Alfa Romeo'),
	(95, 'Alpina'),
	(7, 'Alpine'),
	(75, 'Aston Martin'),
	(10, 'Audi'),
	(148, 'BAIC'),
	(76, 'Bentley'),
	(88, 'Bugatti'),
	(39, 'Buick'),
	(35, 'BYD'),
	(85, 'Byton'),
	(29, 'Cadillac'),
	(83, 'Canoo'),
	(94, 'Caterham'),
	(165, 'Chana'),
	(150, 'Changan'),
	(152, 'Chatenet'),
	(52, 'Chery'),
	(27, 'Chevrolet'),
	(40, 'Chrysler'),
	(5, 'Citroën'),
	(71, 'Cupra'),
	(6, 'Dacia'),
	(66, 'Dacia Logan'),
	(154, 'Daihatsu'),
	(41, 'Dodge'),
	(147, 'Dongfeng'),
	(159, 'Donkervoort'),
	(156, 'DS Automobiles'),
	(173, 'Enovate'),
	(84, 'Faraday Future'),
	(24, 'Ferrari'),
	(22, 'Fiat'),
	(82, 'Fisker'),
	(26, 'Ford'),
	(149, 'GAC'),
	(53, 'Geely'),
	(50, 'Genesis'),
	(43, 'GMC'),
	(54, 'Great Wall'),
	(160, 'GWM'),
	(55, 'Haval'),
	(70, 'Holden'),
	(14, 'Honda'),
	(145, 'Hongqi'),
	(174, 'Hozon Auto'),
	(163, 'Hummer'),
	(20, 'Hyundai'),
	(47, 'Infiniti'),
	(169, 'Iran Khodro'),
	(153, 'Isuzu'),
	(90, 'Iveco'),
	(146, 'JAC'),
	(32, 'Jaguar'),
	(28, 'Jeep'),
	(21, 'Kia'),
	(87, 'Koenigsegg'),
	(68, 'Lada'),
	(25, 'Lamborghini'),
	(72, 'Lancia'),
	(31, 'Land Rover'),
	(48, 'Lexus'),
	(60, 'Li Auto'),
	(166, 'Lifan'),
	(97, 'Ligier'),
	(42, 'Lincoln'),
	(77, 'Lotus'),
	(61, 'Lucid Motors'),
	(56, 'Lynk & Co'),
	(63, 'Mahindra'),
	(91, 'MAN'),
	(73, 'Maserati'),
	(89, 'Maybach'),
	(16, 'Mazda'),
	(78, 'McLaren'),
	(9, 'Mercedes-Benz'),
	(36, 'MG'),
	(80, 'MG Motor'),
	(151, 'Microcar'),
	(30, 'Mini'),
	(19, 'Mitsubishi'),
	(93, 'Morgan'),
	(59, 'NIO'),
	(164, 'Oldsmobile'),
	(11, 'Opel'),
	(143, 'Ora'),
	(74, 'Pagani'),
	(65, 'Perodua'),
	(2, 'Peugeot'),
	(189, 'Peugo(\'7'),
	(99, 'Pininfarina'),
	(57, 'Polestar'),
	(161, 'Pontiac'),
	(12, 'Porsche'),
	(64, 'Proton'),
	(44, 'Ram'),
	(186, 'Renault'),
	(98, 'Rimac'),
	(81, 'Rivian'),
	(79, 'Rolls-Royce'),
	(34, 'Saab'),
	(170, 'Saipa'),
	(162, 'Saturn'),
	(92, 'Scania'),
	(49, 'Scion'),
	(37, 'Seat'),
	(175, 'Singulato'),
	(38, 'Skoda'),
	(155, 'Smart'),
	(157, 'Spyker'),
	(51, 'SsangYong'),
	(17, 'Subaru'),
	(18, 'Suzuki'),
	(62, 'Tata'),
	(67, 'Tatra'),
	(187, 'Tesla'),
	(45, 'Tesla Model S'),
	(188, 'Test'),
	(167, 'Togg'),
	(13, 'Toyota'),
	(69, 'UAZ'),
	(141, 'Vinfast'),
	(168, 'VinFast Auto'),
	(4, 'Volkswagen'),
	(33, 'Volvo'),
	(171, 'Weltmeister'),
	(158, 'Wiesmann'),
	(172, 'WM Motor'),
	(144, 'Wuling'),
	(58, 'Xpeng'),
	(176, 'Youxia Motors'),
	(142, 'Zeekr');

-- Listage de la structure de table railway. carpooling
CREATE TABLE IF NOT EXISTS `carpooling` (
  `id` int NOT NULL AUTO_INCREMENT,
  `status` varchar(50) NOT NULL DEFAULT 'prévu',
  `departure_address` varchar(255) NOT NULL,
  `arrival_address` varchar(255) NOT NULL,
  `departure_datetime` datetime NOT NULL,
  `arrival_datetime` datetime NOT NULL,
  `price_per_passenger` int NOT NULL,
  `initial_seats_offered` int NOT NULL,
  `seats_remaining` int NOT NULL,
  `platform_commission_earned` int DEFAULT '2',
  `driver_id` int NOT NULL,
  `vehicle_id` int NOT NULL,
  PRIMARY KEY (`id`),
  KEY `driver_id` (`driver_id`),
  KEY `vehicle_id` (`vehicle_id`),
  CONSTRAINT `carpooling_ibfk_1` FOREIGN KEY (`driver_id`) REFERENCES `user` (`id`),
  CONSTRAINT `carpooling_ibfk_2` FOREIGN KEY (`vehicle_id`) REFERENCES `vehicle` (`id`)
) ENGINE=InnoDB AUTO_INCREMENT=43 DEFAULT CHARSET=utf8mb4 COLLATE=utf8mb4_0900_ai_ci;

-- Listage des données de la table railway.carpooling : ~42 rows (environ)
DELETE FROM `carpooling`;
INSERT INTO `carpooling` (`id`, `status`, `departure_address`, `arrival_address`, `departure_datetime`, `arrival_datetime`, `price_per_passenger`, `initial_seats_offered`, `seats_remaining`, `platform_commission_earned`, `driver_id`, `vehicle_id`) VALUES
	(1, 'prévu', 'Paris', 'Lyon', '2025-07-23 10:50:15', '2025-07-23 14:50:15', 25, 3, 3, 2, 38, 2),
	(2, 'prévu', 'Marseille', 'Nice', '2025-07-29 10:50:15', '2025-07-29 13:20:15', 15, 2, 2, 2, 38, 2),
	(3, 'prévu', 'Toulouse', 'Bordeaux', '2025-07-25 10:50:15', '2025-07-25 12:50:15', 20, 4, 4, 2, 38, 2),
	(4, 'annulé', 'Paris, France', 'Lyon, France', '2025-07-23 14:44:34', '2025-07-23 18:44:34', 25, 3, 3, 2, 70, 18),
	(5, 'annulé', 'Lyon, France', 'Marseille, France', '2025-07-24 14:44:34', '2025-07-24 17:44:34', 20, 2, 2, 2, 70, 18),
	(6, 'annulé', 'Paris, France', 'Bordeaux, France', '2025-07-25 14:44:34', '2025-07-25 20:44:34', 35, 4, 4, 2, 70, 18),
	(7, 'annulé', 'Paris, France', 'Lyon, France', '2025-07-23 14:45:03', '2025-07-23 18:45:03', 25, 3, 3, 2, 72, 19),
	(8, 'annulé', 'Lyon, France', 'Marseille, France', '2025-07-24 14:45:03', '2025-07-24 17:45:03', 20, 2, 1, 2, 72, 19),
	(9, 'annulé', 'Paris, France', 'Bordeaux, France', '2025-07-25 14:45:03', '2025-07-25 20:45:03', 35, 4, 4, 2, 72, 19),
	(10, 'annulé', 'Paris, France', 'Lyon, France', '2025-07-23 14:46:36', '2025-07-23 18:46:36', 25, 3, 3, 2, 74, 20),
	(11, 'annulé', 'Lyon, France', 'Marseille, France', '2025-07-24 14:46:36', '2025-07-24 17:46:36', 20, 2, 1, 2, 74, 20),
	(12, 'annulé', 'Paris, France', 'Bordeaux, France', '2025-07-25 14:46:36', '2025-07-25 20:46:36', 35, 4, 4, 2, 74, 20),
	(13, 'annulé', 'Paris, France', 'Lyon, France', '2025-07-23 14:47:03', '2025-07-23 18:47:03', 25, 3, 3, 2, 76, 21),
	(14, 'annulé', 'Lyon, France', 'Marseille, France', '2025-07-24 14:47:03', '2025-07-24 17:47:03', 20, 2, 1, 2, 76, 21),
	(15, 'annulé', 'Paris, France', 'Bordeaux, France', '2025-07-25 14:47:03', '2025-07-25 20:47:03', 40, 4, 4, 2, 76, 21),
	(16, 'annulé', 'Paris, Gare de Lyon', 'Lyon, Part-Dieu', '2025-07-23 14:54:46', '2025-07-23 18:54:46', 30, 3, 3, 2, 78, 22),
	(17, 'annulé', 'Lyon, Part-Dieu', 'Marseille, Saint-Charles', '2025-07-24 14:54:46', '2025-07-24 17:54:46', 25, 3, 3, 2, 78, 23),
	(18, 'annulé', 'Paris, République', 'Bordeaux, Centre-ville', '2025-07-25 14:54:46', '2025-07-25 20:54:46', 50, 4, 4, 2, 78, 24),
	(19, 'terminé', 'Paris, Gare du Nord', 'Lyon, Part-Dieu', '2025-07-23 15:03:14', '2025-07-23 19:03:14', 15, 3, 1, 2, 79, 26),
	(20, 'prévu', 'Lyon, Part-Dieu', 'Marseille, Saint-Charles', '2025-07-24 15:03:14', '2025-07-24 18:03:14', 18, 2, 2, 2, 79, 26),
	(21, 'terminé', 'Paris, Gare du Nord', 'Lyon, Part-Dieu', '2025-07-23 15:09:44', '2025-07-23 19:09:44', 15, 3, 1, 2, 82, 27),
	(22, 'prévu', 'Lyon, Part-Dieu', 'Marseille, Saint-Charles', '2025-07-24 15:09:44', '2025-07-24 18:09:44', 18, 2, 2, 2, 82, 27),
	(23, 'terminé', 'Paris, Gare du Nord', 'Lyon, Part-Dieu', '2025-07-23 15:12:49', '2025-07-23 19:12:49', 15, 3, 1, 2, 85, 28),
	(24, 'prévu', 'Lyon, Part-Dieu', 'Marseille, Saint-Charles', '2025-07-24 15:12:49', '2025-07-24 18:12:49', 5, 2, 2, 2, 85, 28),
	(25, 'prévu', 'Paris, Gare de Lyon', 'Lyon, Perrache', '2025-07-23 15:34:11', '2025-07-23 19:34:11', 25, 3, 3, 2, 99, 31),
	(26, 'prévu', 'Paris, Gare de Lyon', 'Lyon, Perrache', '2025-07-23 15:34:30', '2025-07-23 19:34:30', 25, 3, 3, 2, 102, 32),
	(27, 'prévu', 'Paris, Gare du Nord', 'Lyon, Part-Dieu', '2025-07-23 15:55:45', '2025-07-23 19:55:45', 30, 3, 3, 2, 107, 33),
	(28, 'prévu', 'Paris, Châtelet', 'Lyon, Bellecour', '2025-07-23 15:57:28', '2025-07-23 19:57:28', 45, 3, 3, 2, 109, 34),
	(29, 'prévu', 'Paris, République', 'Lyon, Part-Dieu', '2025-07-23 16:57:28', '2025-07-23 20:57:28', 35, 5, 5, 2, 110, 35),
	(30, 'prévu', 'Paris, Châtelet', 'Lyon, Bellecour', '2025-07-23 15:58:43', '2025-07-23 19:58:43', 45, 3, 3, 2, 112, 36),
	(31, 'prévu', 'Paris, République', 'Lyon, Part-Dieu', '2025-07-23 16:58:43', '2025-07-23 20:58:43', 35, 5, 5, 2, 113, 37),
	(32, 'prévu', 'Paris, Châtelet', 'Lyon, Bellecour', '2025-07-23 15:59:59', '2025-07-23 19:59:59', 45, 3, 3, 2, 115, 38),
	(33, 'prévu', 'Paris, République', 'Lyon, Part-Dieu', '2025-07-23 16:59:59', '2025-07-23 20:59:59', 35, 5, 5, 2, 116, 39),
	(34, 'annulé', 'Reims', 'Nantes', '2025-07-25 07:30:00', '2025-07-25 09:30:00', 25, 3, 3, 2, 143, 41),
	(35, 'annulé', 'Nantes', 'Reims', '2025-07-25 07:30:00', '2025-07-25 09:30:00', 25, 2, 2, 2, 143, 40),
	(36, 'annulé', 'Paris', 'Lyon', '2025-07-24 21:14:29', '2025-07-25 01:14:29', 15, 3, 3, 2, 158, 43),
	(37, 'annulé', 'Paris', 'Lyon', '2025-07-24 21:22:10', '2025-07-25 01:22:10', 15, 3, 2, 2, 160, 44),
	(38, 'prévu', 'Paris, France', 'Lyon, France', '2025-07-24 21:35:18', '2025-07-25 01:35:18', 25, 3, 3, 2, 166, 45),
	(39, 'prévu', 'Paris, France', 'Lyon, France', '2025-07-24 21:37:42', '2025-07-25 01:37:42', 10, 3, 2, 2, 170, 46),
	(40, 'prévu', 'Paris, France', 'Lyon, France', '2025-07-24 00:54:41', '2025-07-24 04:54:41', 15, 3, 3, 2, 182, 48),
	(41, 'prévu', 'Paris, Place de la République', 'Lyon, Gare Part-Dieu', '2025-07-24 22:31:07', '2025-07-25 02:31:07', 25, 3, 3, 2, 187, 50),
	(42, 'terminé', 'Paris, Place de la République', 'Lyon, Gare Part-Dieu', '2025-07-24 22:31:23', '2025-07-25 02:31:23', 15, 3, 2, 2, 190, 51);

-- Listage de la structure de table railway. color
CREATE TABLE IF NOT EXISTS `color` (
  `id` int NOT NULL AUTO_INCREMENT,
  `name` varchar(50) NOT NULL,
  PRIMARY KEY (`id`),
  UNIQUE KEY `name` (`name`)
) ENGINE=InnoDB AUTO_INCREMENT=17 DEFAULT CHARSET=utf8mb4 COLLATE=utf8mb4_0900_ai_ci;

-- Listage des données de la table railway.color : ~7 rows (environ)
DELETE FROM `color`;
INSERT INTO `color` (`id`, `name`) VALUES
	(12, 'Blanc'),
	(4, 'Bleu'),
	(13, 'Gris'),
	(14, 'Noir'),
	(16, 'o"çàq7'),
	(11, 'Rouge'),
	(15, 'Test');

-- Listage de la structure de table railway. participation
CREATE TABLE IF NOT EXISTS `participation` (
  `id` int NOT NULL AUTO_INCREMENT,
  `passenger_id` int NOT NULL,
  `carpooling_id` int NOT NULL,
  `credits_paid` int NOT NULL,
  `participation_date` datetime NOT NULL DEFAULT CURRENT_TIMESTAMP,
  `is_validated_by_passenger` tinyint(1) DEFAULT NULL,
  `cancellation_date` datetime DEFAULT NULL,
  PRIMARY KEY (`id`),
  KEY `passenger_id` (`passenger_id`),
  KEY `carpooling_id` (`carpooling_id`),
  CONSTRAINT `participation_ibfk_1` FOREIGN KEY (`passenger_id`) REFERENCES `user` (`id`),
  CONSTRAINT `participation_ibfk_2` FOREIGN KEY (`carpooling_id`) REFERENCES `carpooling` (`id`)
) ENGINE=InnoDB AUTO_INCREMENT=16 DEFAULT CHARSET=utf8mb4 COLLATE=utf8mb4_0900_ai_ci;

-- Listage des données de la table railway.participation : ~15 rows (environ)
DELETE FROM `participation`;
INSERT INTO `participation` (`id`, `passenger_id`, `carpooling_id`, `credits_paid`, `participation_date`, `is_validated_by_passenger`, `cancellation_date`) VALUES
	(1, 73, 8, 20, '2025-07-22 16:45:05', NULL, '2025-07-22 16:45:05'),
	(2, 75, 11, 20, '2025-07-22 16:46:38', NULL, '2025-07-22 16:46:38'),
	(3, 77, 14, 20, '2025-07-22 16:47:05', NULL, '2025-07-22 16:47:05'),
	(4, 80, 19, 15, '2025-07-22 17:03:14', NULL, NULL),
	(5, 81, 19, 15, '2025-07-22 17:03:14', NULL, NULL),
	(6, 83, 21, 15, '2025-07-22 17:09:44', 1, NULL),
	(7, 84, 21, 15, '2025-07-22 17:09:44', 1, NULL),
	(8, 86, 23, 15, '2025-07-22 17:12:49', 1, NULL),
	(9, 87, 23, 15, '2025-07-22 17:12:49', 1, NULL),
	(10, 86, 24, 5, '2025-07-22 17:12:53', NULL, '2025-07-22 17:12:53'),
	(11, 87, 24, 5, '2025-07-22 17:12:53', NULL, '2025-07-22 17:12:53'),
	(12, 161, 37, 15, '2025-07-23 23:22:11', NULL, '2025-07-23 23:22:11'),
	(13, 171, 39, 10, '2025-07-23 23:37:42', NULL, NULL),
	(14, 183, 40, 15, '2025-07-23 23:54:41', NULL, '2025-07-23 23:54:41'),
	(15, 191, 42, 15, '2025-07-24 00:31:23', NULL, NULL);

-- Listage de la structure de table railway. role
CREATE TABLE IF NOT EXISTS `role` (
  `id` int NOT NULL AUTO_INCREMENT,
  `name` varchar(50) NOT NULL,
  PRIMARY KEY (`id`),
  UNIQUE KEY `name` (`name`)
) ENGINE=InnoDB AUTO_INCREMENT=5 DEFAULT CHARSET=utf8mb4 COLLATE=utf8mb4_0900_ai_ci;

-- Listage des données de la table railway.role : ~4 rows (environ)
DELETE FROM `role`;
INSERT INTO `role` (`id`, `name`) VALUES
	(1, 'administrateur'),
	(3, 'chauffeur'),
	(2, 'employe'),
	(4, 'passager');

-- Listage de la structure de table railway. user
CREATE TABLE IF NOT EXISTS `user` (
  `id` int NOT NULL AUTO_INCREMENT,
  `pseudo` varchar(50) NOT NULL,
  `email` varchar(255) NOT NULL,
  `password_hash` varchar(255) NOT NULL,
  `credits` int NOT NULL DEFAULT '20',
  `suspended` tinyint(1) NOT NULL DEFAULT '0',
  `profile_picture_url` varchar(255) DEFAULT NULL,
  `creation_date` datetime NOT NULL DEFAULT CURRENT_TIMESTAMP,
  PRIMARY KEY (`id`),
  UNIQUE KEY `pseudo` (`pseudo`),
  UNIQUE KEY `email` (`email`)
) ENGINE=InnoDB AUTO_INCREMENT=195 DEFAULT CHARSET=utf8mb4 COLLATE=utf8mb4_0900_ai_ci;

-- Listage des données de la table railway.user : ~124 rows (environ)
DELETE FROM `user`;
INSERT INTO `user` (`id`, `pseudo`, `email`, `password_hash`, `credits`, `suspended`, `profile_picture_url`, `creation_date`) VALUES
	(27, 'EmployeJose', 'jose@ecoride.com', '$2b$10$ehSHASnpIyPc4jmnYtyFuOzfKclDi66XFehNrRgC4G.BQhIwb8bVu', 28, 0, NULL, '2025-07-21 11:47:15'),
	(31, 'TestUser', 'test@example.com', '$2b$10$GeHNEBR0DiXR0If59wFtEOrgX8KTrowQ9z4sNwPcSGHMPYd6k8fPG', 20, 0, NULL, '2025-07-21 12:11:19'),
	(33, 'TestDB', 'testdb@example.com', '$2b$10$W.53Yhgq8xCV.L/n75cps.B0tf/ICy0dBw1tuFK.N6i4lf.Ot1HUa', 20, 0, NULL, '2025-07-21 12:16:27'),
	(34, 'TestInvalidEmail', 'emailinvalide', '$2b$10$bg8cMZdhQD8uC/9tmJDEEu3Xn3poW4yjkEvG2UKbl2fseu//6Jyly', 20, 0, NULL, '2025-07-21 12:16:41'),
	(35, 'TestWeakPassword', 'weakpass@example.com', '$2b$10$CKzal1s7SqiZZIgHr7b8re9DLBONmGoUFDnyQPTD656.MPm1Gsx32', 20, 0, NULL, '2025-07-21 12:17:10'),
	(36, 'Test<script>alert(1)</script>', 'xss@example.com', '$2b$10$KdnG72J7yDEbUJeUzbudTOOtDyXHoxbH6cbuRQhSN41rqq8bGhWeK', 20, 0, NULL, '2025-07-21 12:17:21'),
	(37, 'testeur_api', 'testeur@api.com', '$2b$10$BT17SLZ3DcnX0FGEvNJkYeUth0nyEwJdD6tCCYxowoYoeN0Q8aRS6', 20, 0, NULL, '2025-07-22 12:41:31'),
	(38, 'TestChauffeur', 'testeur@ecoride.com', '$2b$10$4TXwLCcMyWCCOpU4Xc7UAO0qmkjbB8EHgqZ0Rhv/SqTOq30FcYemC', 20, 0, NULL, '2025-07-22 12:42:18'),
	(70, 'chauffeur_1753195473838', 'chauffeur_1753195473838@test.com', '$2b$10$aAETyhoE6RuYqwpYNtUgu.FTjRTcpD/EVHHUcFoKsycoZs05CK.Kq', 20, 0, NULL, '2025-07-22 16:44:33'),
	(71, 'passager_1753195473838', 'passager_1753195473838@test.com', '$2b$10$OsFY.I.Ozti1cHXsoxW4MudoKeC7K7lmPkQfVGKe2GQXhq8J6gdAW', 20, 0, NULL, '2025-07-22 16:44:34'),
	(72, 'chauffeur_1753195502780', 'chauffeur_1753195502780@test.com', '$2b$10$yfVx0ajrhx68Kf/idxpCAeGfirklXjWJph6FrCutRd8x6Bz4uml3K', 20, 0, NULL, '2025-07-22 16:45:02'),
	(73, 'passager_1753195502780', 'passager_1753195502780@test.com', '$2b$10$9Gh9PjUwJ9KS4gI.8KlwreVQw44q0uLNk/pjzxiK759kQPBZdHK5e', 20, 0, NULL, '2025-07-22 16:45:03'),
	(74, 'chauffeur_1753195596411', 'chauffeur_1753195596411@test.com', '$2b$10$QxYyImJlPe7qjtKUGBtqLOmGEWO/qUf1qQUCHvwgZ9vYjA6mDc3Pu', 20, 0, NULL, '2025-07-22 16:46:36'),
	(75, 'passager_1753195596411', 'passager_1753195596411@test.com', '$2b$10$h.iNX2fGwPXMLi3ErnQXXeVPVfOdFnWdJKZ4UfXjaBYqWNKoqZNtu', 20, 0, NULL, '2025-07-22 16:46:36'),
	(76, 'chauffeur_1753195623374', 'chauffeur_1753195623374@test.com', '$2b$10$x1kO2GRhgJLcKwwVSMGs1ePI2cF3h/M/3E1FaG9DL40GbKleFezZi', 20, 0, NULL, '2025-07-22 16:47:03'),
	(77, 'passager_1753195623374', 'passager_1753195623374@test.com', '$2b$10$apWsBkrHzwDazbqctxl8AeW/HRC452W59NCQjGyN4I/WU2FCIEkTq', 20, 0, NULL, '2025-07-22 16:47:03'),
	(78, 'futur_chauffeur_1753196085997', 'futur_chauffeur_1753196085997@test.com', '$2b$10$6WlIhPKVT3LH7mQBFBt8YumsxyYXsW8gBKkqA8mJCBgjqZ3wkSVXS', 20, 0, NULL, '2025-07-22 16:54:46'),
	(79, 'driver_1753196593440', 'driver_1753196593440@test.com', '$2b$10$flDrBtLyNxKAK5Lu56iApewyb/ggtdusjYlqd7CUoKmd80FfdXubu', 46, 0, NULL, '2025-07-22 17:03:13'),
	(80, 'passenger1_1753196593440', 'passenger1_1753196593440@test.com', '$2b$10$N1tF.SL9Fy48duEtLhZRsORYnw2jF.XC/JlO1O7lX/YGJIA2P6Ate', 5, 0, NULL, '2025-07-22 17:03:13'),
	(81, 'passenger2_1753196593440', 'passenger2_1753196593440@test.com', '$2b$10$kHendIpfDpBEoxhFD2/k5uZg1O9lwGvQWez9cNonu1nOy3gOt3TS.', 5, 0, NULL, '2025-07-22 17:03:14'),
	(82, 'driver_1753196983652', 'driver_1753196983652@test.com', '$2b$10$mc3JEGH3H5QIeaTT.Wy/h.xzRlbg/0iytRrcsMwBq5o8Q.qsyEWzG', 46, 0, NULL, '2025-07-22 17:09:43'),
	(83, 'passenger1_1753196983652', 'passenger1_1753196983652@test.com', '$2b$10$8sbtXlT2nqrDzVy0MD6pZe/b07DY.YK4ShNd5ZHT3nKv8ejit/3ae', 5, 0, NULL, '2025-07-22 17:09:43'),
	(84, 'passenger2_1753196983652', 'passenger2_1753196983652@test.com', '$2b$10$c9BffwYiN3dfdECZ2Ryts.pAsYFHwS2kXxRjxhfdazteH9VVy3b5O', 5, 0, NULL, '2025-07-22 17:09:44'),
	(85, 'driver_1753197168800', 'driver_1753197168800@test.com', '$2b$10$Kreu681aBYnaEuf.jQJ.BeX05dYHw89PvhafIo8wr6DqKsr9jA/W2', 46, 0, NULL, '2025-07-22 17:12:48'),
	(86, 'passenger1_1753197168800', 'passenger1_1753197168800@test.com', '$2b$10$QcLkTHVvd74ItBZIrBS0Z.L.dKP25YrhHO0Y/ettLeGzTKPxXNvAq', 5, 0, NULL, '2025-07-22 17:12:49'),
	(87, 'passenger2_1753197168800', 'passenger2_1753197168800@test.com', '$2b$10$utKGmjGWivCdVLZ0/q4iQOVK50qsVJ7V0pLN16O006JhgqOrzf3Ea', 5, 0, NULL, '2025-07-22 17:12:49'),
	(88, 'driver_1753197795161', 'driver_1753197795161@test.com', '$2b$10$U3k.1zYgTefXXOUCFWgzaerjzbLxOKj5eYe9nDOSRaMICd7fXSIi6', 20, 0, NULL, '2025-07-22 17:23:15'),
	(89, 'driver_1753198196516', 'driver_1753198196516@test.com', '$2b$10$Ug/.1nvUbKJwchs6oOwO4eMkxegUiraV67AUo9QQQapzxhHpxvx8.', 20, 0, NULL, '2025-07-22 17:29:56'),
	(90, 'driver_1753198230088', 'driver_1753198230088@test.com', '$2b$10$waeA0JDMUU/KuyjXsnGUTuuuKssMXrOi9MV59flDtsY420C4J4MCm', 20, 0, NULL, '2025-07-22 17:30:30'),
	(91, 'passenger1_1753198230088', 'passenger1_1753198230088@test.com', '$2b$10$njKW4HYnSCWSH/zjmtGcUOou0P/gq7bYe/Fq.XjmY439xdycm2CH6', 20, 0, NULL, '2025-07-22 17:30:30'),
	(92, 'passenger2_1753198230088', 'passenger2_1753198230088@test.com', '$2b$10$T3WR9u90lolUZZ5LU8nAGOIw6YvY.vGb2ow54zDra37aU1fKDBU9S', 20, 0, NULL, '2025-07-22 17:30:30'),
	(93, 'driver_1753198285382', 'driver_1753198285382@test.com', '$2b$10$uSi8hCFkjBUWbNWW61H37udhCHqVxeuoAGRApWYv8S.U8QDN0akQO', 20, 0, NULL, '2025-07-22 17:31:25'),
	(94, 'passenger1_1753198285382', 'passenger1_1753198285382@test.com', '$2b$10$BjVDl7o2gv7yftQUj3i.k.LeYtxEHQoVpvsH2PbqlmF6PH2BoibPa', 20, 0, NULL, '2025-07-22 17:31:25'),
	(95, 'passenger2_1753198285382', 'passenger2_1753198285382@test.com', '$2b$10$xiQfeQBPNY.MxXJZGO65p.O40JXwPtnEdFKpAQtxGsblaQbMyuvBy', 20, 0, NULL, '2025-07-22 17:31:25'),
	(96, 'driver_1753198323422', 'driver_1753198323422@test.com', '$2b$10$o3ppzMOIU4D2URupGtRNN.8nU9cFqgEKO.K0rltYeF2CPww4sBi0G', 20, 0, NULL, '2025-07-22 17:32:03'),
	(97, 'passenger1_1753198323422', 'passenger1_1753198323422@test.com', '$2b$10$1zb/VYgfWE/grwdXfIDAN.epnWxrz1ixT/JFNZCXDC6i8UMbMsLw6', 20, 0, NULL, '2025-07-22 17:32:03'),
	(98, 'passenger2_1753198323422', 'passenger2_1753198323422@test.com', '$2b$10$XfKLkIdEfCgv5kplOWVobuyjpdVrdl/oCZwdceeHdpa.S0SUn6opy', 20, 0, NULL, '2025-07-22 17:32:03'),
	(99, 'driver_1753198450866', 'driver_1753198450866@test.com', '$2b$10$kOS4xYkt74MAFJz9el9vSuCDTHZISUb3brN8Y5UJGJnxsJS43bEWe', 20, 0, NULL, '2025-07-22 17:34:11'),
	(100, 'passenger1_1753198450866', 'passenger1_1753198450866@test.com', '$2b$10$qWJdNomusSIyfn3e3JskhOc5FTTdbo7LOaBx8B6swQKcu2lqZLEtC', 20, 0, NULL, '2025-07-22 17:34:11'),
	(101, 'passenger2_1753198450866', 'passenger2_1753198450866@test.com', '$2b$10$i4EAIR7fOGS6fVkt9UGLOuJwgFXbVhpEC/wuQIntZfGZ6IPvIXTye', 20, 0, NULL, '2025-07-22 17:34:11'),
	(102, 'driver_1753198469881', 'driver_1753198469881@test.com', '$2b$10$RHiRFEJmz2YJQQEFrwj8yewlYw81fEcK8qA73EIMYExDa2U2Y85um', 20, 0, NULL, '2025-07-22 17:34:29'),
	(103, 'passenger1_1753198469881', 'passenger1_1753198469881@test.com', '$2b$10$VLLCjC9IUpN3mEvqCwS9KuQ4688CxjLkBrGKTyJIncHnDhu1gPBRW', 20, 0, NULL, '2025-07-22 17:34:30'),
	(104, 'passenger2_1753198469881', 'passenger2_1753198469881@test.com', '$2b$10$L1PFND/8oXraB3QINQBhneLBZXA2HdfoIoEexVtE8Iijyrs6V8s2e', 20, 0, NULL, '2025-07-22 17:34:30'),
	(105, 'testeur_1753198909509_modifie', 'testeur_1753198909509@test.com', '$2b$10$/AraKtVcQQdXG3VY/Apeg.7XtKpcYylF8LUPldJ09iEKYhG6c5x8i', 20, 0, NULL, '2025-07-22 17:41:49'),
	(106, 'testuser_1753199185905', 'testuser_1753199185905@test.com', '$2b$10$JBP58LCZ08gKwRk4z/yTYudja870BNXg4svYqUR97vpDaTx8h3EM6', 20, 0, NULL, '2025-07-22 17:46:26'),
	(107, 'driver_pref_1753199744127', 'driver_pref_1753199744127@test.com', '$2b$10$ifQPhm/Hi1ZHbWZon4lPUu/f.KPvqhEPO5p0djCiTur53K5ZNxEbe', 20, 0, NULL, '2025-07-22 17:55:44'),
	(108, 'passenger_pref_1753199744127', 'passenger_pref_1753199744127@test.com', '$2b$10$Du07Uggx2k.XPOFjE8bdHuJ1PHMJs1vcA/0hW915XNP4E.pEGQWPK', 20, 0, NULL, '2025-07-22 17:55:44'),
	(109, 'driver_strict_1753199846969', 'driver_strict_1753199846969@test.com', '$2b$10$m.KW6AiASpDcMhRprx8bS..jBAy5KT.FLWg.F9BGz1XTiBadEbDoW', 20, 0, NULL, '2025-07-22 17:57:27'),
	(110, 'driver_flex_1753199846969', 'driver_flex_1753199846969@test.com', '$2b$10$6hMMFNTOS8wZdQMOOyFh/eOHuCQhWjAOrBqcXdbJjgzAnRaAOusLm', 20, 0, NULL, '2025-07-22 17:57:27'),
	(111, 'passenger_consult_1753199846969', 'passenger_consult_1753199846969@test.com', '$2b$10$XiJigsem1wYfiVftdFcPyuw1hF/TiAIW6yGRo9VFIMY6fJOrzmj2W', 20, 0, NULL, '2025-07-22 17:57:27'),
	(112, 'driver_strict_1753199922179', 'driver_strict_1753199922179@test.com', '$2b$10$BBPa2dHEKrwc2hfjoB0fEunTodbgaXIR8Qq8tMKXOMsuTIY65.9Ia', 20, 0, NULL, '2025-07-22 17:58:42'),
	(113, 'driver_flex_1753199922179', 'driver_flex_1753199922179@test.com', '$2b$10$tgd.k9zOS0qMlgL2rGrGDudKCMpcF.alu.TCyI3/LG4ms57zRkNbC', 20, 0, NULL, '2025-07-22 17:58:42'),
	(114, 'passenger_consult_1753199922179', 'passenger_consult_1753199922179@test.com', '$2b$10$PbfVUVpSQeGjBsWBCaoah.tabgv9gOlpqCG2HqtOcJqN3gmr9iTUi', 20, 0, NULL, '2025-07-22 17:58:42'),
	(115, 'driver_strict_1753199998656', 'driver_strict_1753199998656@test.com', '$2b$10$mHNv/uV9e7xaizqpkz8tZuOHfwuRE5a2wjZWoD1u70dng272tKmHK', 20, 0, NULL, '2025-07-22 17:59:58'),
	(116, 'driver_flex_1753199998656', 'driver_flex_1753199998656@test.com', '$2b$10$ttU2w0qAsFz8Klybpa.nYOeawvvw1ZawWbVO4cUwwHsFrzQd6OpTe', 20, 0, NULL, '2025-07-22 17:59:59'),
	(117, 'passenger_consult_1753199998656', 'passenger_consult_1753199998656@test.com', '$2b$10$cI31GhqNLF51klP/aggEbeV5EKf3JEO/AODz8cp7Sm/cjDQSCmeLy', 20, 0, NULL, '2025-07-22 17:59:59'),
	(119, 'Employe_Test_1753201530909', 'employe_test_1753201530910@ecoride.com', '$2b$10$SfMGywfwMeWpouDJGRMzbO7obY4zFP6IWWP3J5HkHRC8lsUBuuW9K', 20, 1, NULL, '2025-07-22 18:25:30'),
	(120, 'UserSuspend_1753201531165', 'suspend_test_1753201531165@test.com', '$2b$10$7gzn..1W.4scsQfy679wSO2VHGI5T/fdKesBrxT2d8wCNhaxXxP9.', 20, 0, NULL, '2025-07-22 18:25:31'),
	(121, 'DriverMod_1753202063045', 'driver_mod_1753202063045@test.com', '$2b$10$KshSPg9qtdIjogk1kLAK4ePTvF7yL/D3dlvfE.onwgDKjeIsbNQNm', 20, 0, NULL, '2025-07-22 18:34:23'),
	(122, 'test_user_1753206057354', 'user.test@example.com', '$2b$10$.jd4AM51myRTCrt4NWWdieuidnuuGLD3Yj2kPtklcRAzJ83csbehm', 20, 0, NULL, '2025-07-22 19:40:57'),
	(123, 'test_user_1753206057355', 'user+tag@example.com', '$2b$10$IuZq0t44s24DOhlwELX58uXCXR68YMibaugQLQCO8Jyma6nYpEk8q', 20, 0, NULL, '2025-07-22 19:40:58'),
	(124, 'test_user_1753206057356', 'user@test.example.co.uk', '$2b$10$joqm68GXFZMm40QEvDxvxezkQoYWTJLDjB/hRAxmoHMZqBdKL18mK', 20, 0, NULL, '2025-07-22 19:40:58'),
	(125, 'test_user_1753206057357', 'user.normalize@example.com', '$2b$10$8qlwP/beolxGZ.WikNcUmORvVqfBeML962LKbzGCR919.eMtuRvbO', 20, 0, NULL, '2025-07-22 19:40:59'),
	(126, 'test_valid_1753206285000', 'valid.user@example.com', '$2b$10$.qSrL1JGCaQW/uHU4.y2d.RfDe021I7AT.tf8Du5zYKbAQzLwpc0S', 20, 0, NULL, '2025-07-22 19:44:45'),
	(127, 'profile_test_1753206285750', 'updated.1753206285894@example.com', '$2b$10$fRflG5sZe9LH5xY82xrAn.uBvfOoYVHELgi53bgA9baKDd2RL3nPm', 20, 0, NULL, '2025-07-22 19:44:45'),
	(128, 'test_strong_1753206639517', 'strong.password@example.com', '$2b$10$T4ixVvozix/SGqqGrhToeObChDdt5Luaxm3XvqVR004PM7CsK6g6m', 20, 0, NULL, '2025-07-22 19:50:39'),
	(129, 'test_complex_1753206639518', 'complex.password@example.com', '$2b$10$5dza88VJO4NN5304iqkHTOwQcAgexTT2gq9rwJi0l8Q3x1jCgswDG', 20, 0, NULL, '2025-07-22 19:50:39'),
	(130, 'test_minimum_1753206639519', 'minimum.password@example.com', '$2b$10$54WsJ4G3UJKECZ0sqrmF3.xMjJBdX5Xc6rFMZNTdxZgODKmJhqUeG', 20, 0, NULL, '2025-07-22 19:50:40'),
	(131, 'test_no_upper_1753206639520', 'no.upper@example.com', '$2b$10$b1q/uh9Im5mXgdUbMphb6.oTkHLT/fixItvoLkfwGa4Quo.emGByC', 20, 0, NULL, '2025-07-22 19:50:40'),
	(132, 'test_no_lower_1753206639521', 'no.lower@example.com', '$2b$10$dejoFPcNdnX0tOPgLsOd0ulrgPjEtJcLhlMj/od2p/4FQwMNNFqiS', 20, 0, NULL, '2025-07-22 19:50:41'),
	(133, 'test_no_digit_1753206639522', 'no.digit@example.com', '$2b$10$LB578CJbTdQ1O30u5SE7LOYK6EVuRgdzxmVrLSe3VeOPVOD3wXo7i', 20, 0, NULL, '2025-07-22 19:50:41'),
	(134, 'test_no_special_1753206639523', 'no.special@example.com', '$2b$10$M0PnGpBO1Uk3fPlCfXt0zO/EuHH/8r1leQrnidDvBZvbWO0BzcNoS', 20, 0, NULL, '2025-07-22 19:50:41'),
	(135, 'test_short_1753206639524', 'short.password@example.com', '$2b$10$bUOuS7lgafEWXTdtQHajI.64MFcqRlhgswIxKJbw//DplZnESrvtS', 20, 0, NULL, '2025-07-22 19:50:42'),
	(136, 'test_weak_1753206639525', 'weak.password@example.com', '$2b$10$nE14o3QSc5tkQYaIyOgJ9OaRCO/8M.hplEqlVlqFnTGZuLedqMBrW', 20, 0, NULL, '2025-07-22 19:50:42'),
	(137, 'test_forbidden_1753206639526', 'forbidden.chars@example.com', '$2b$10$gDo8nOxrHF3i1XZHwxi1r.fjerj19sHPezWCliY33X5DAjurqS0yW', 20, 0, NULL, '2025-07-22 19:50:42'),
	(138, 'pwd_change_test_1753206643547', 'pwd.change.test.1753206643547@example.com', '$2b$10$iUIr7KH3myblm9R4zuieauHCiXW.Lt0yeVVJO2tF059Aj7bufZnBq', 20, 0, NULL, '2025-07-22 19:50:43'),
	(142, 'pwd_change_test_1753206708779', 'pwd.change.test.1753206708779@example.com', '$2b$10$wxnNwR8YPobYglN.C5aHBe4laCWFPxx.1wBv3oOphiwnONiZXLhba', 20, 0, NULL, '2025-07-22 19:51:48'),
	(143, 'test', 'test@test.com', '$2b$10$zOg.cVsQxkuH8ND7JTKpFOsuJG8OHUPI338VlIxpqQpZfrRtr6CYG', 20, 0, NULL, '2025-07-22 21:32:22'),
	(145, 'Test1', 'test1@test.com', '$2b$10$Recbui7kJwrjfgmu9hX8BeuMJnsl9sgTtVzxf2xtfYDpB9.3ZVY16', 20, 0, NULL, '2025-07-22 22:42:19'),
	(146, 'chauffeur_test_confirm', 'chauffeur.confirm@test.com', '$2b$10$bKzWnkWWeGW2kEx9Fc4p.OCcQWmzo8i3zUc3mG9hDZoHXuOEupDk2', 20, 0, NULL, '2025-07-23 23:06:48'),
	(149, 'passager_test_confirm', 'passager.confirm@test.com', '$2b$10$xlBv2ByNwoACdr9RdZuQv.v5.Z7Nj5ftPk9celtXbWHc54NfuODqG', 20, 0, NULL, '2025-07-23 23:08:15'),
	(152, 'chauffeur_test_1753305132435', 'chauffeur.1753305132435@test.com', '$2b$10$avhPlZokmZGzZCTDzmKi.epoUfsOYQT5ghFO1tnWcXGwaaw/EIdMa', 20, 0, NULL, '2025-07-23 23:12:12'),
	(153, 'passager_test_1753305132435', 'passager.1753305132435@test.com', '$2b$10$/4UOmUtZURY.9VnvgAaFY.FxMMNvaZlIXWcS1f7DclTAtLI/6zeGi', 20, 0, NULL, '2025-07-23 23:12:12'),
	(154, 'chauffeur_test_1753305166384', 'chauffeur.1753305166384@test.com', '$2b$10$E0ET1rfVy2HYtezWpR7SyuTDy2o1HO2WaTPqdgtB6ngTEijEkAKq6', 20, 0, NULL, '2025-07-23 23:12:46'),
	(155, 'passager_test_1753305166384', 'passager.1753305166384@test.com', '$2b$10$jlLFgsEFKgJ2ug5HJo4JNuN6muO1YjIjlNbU1U1ozsVyNShx5m13e', 20, 0, NULL, '2025-07-23 23:12:46'),
	(156, 'chauffeur_test_1753305198645', 'chauffeur.1753305198645@test.com', '$2b$10$C32nzbENuqBhuEbbeJlcGeTxuDBdASXPSEiqC0aj5CtHWwnGhZwEK', 20, 0, NULL, '2025-07-23 23:13:18'),
	(157, 'passager_test_1753305198645', 'passager.1753305198645@test.com', '$2b$10$IKGIqRhpjK4FnQ7EB9K2wujK4iUMLAROLJDcOMk3SHEF64zO677Za', 20, 0, NULL, '2025-07-23 23:13:18'),
	(158, 'chauffeur_test_1753305268726', 'chauffeur.1753305268726@test.com', '$2b$10$tcpcCz4xKI9ob/i5FPUaM.z.A4Tj566OMgrgZv/0zI.GhG0QxG7te', 20, 0, NULL, '2025-07-23 23:14:28'),
	(159, 'passager_test_1753305268726', 'passager.1753305268726@test.com', '$2b$10$W3XqEWBFpJvJVSyEPp04H.OZ77vWslRL6E9quWfc.oHWs/Bpxnzeu', 20, 0, NULL, '2025-07-23 23:14:28'),
	(160, 'chauffeur_test_1753305730303', 'chauffeur.1753305730303@test.com', '$2b$10$lAgH8J.CTUHcT6v9s6fBIePw6sVQMhAoQdmNW.GYr.s9QUGKfA0Pu', 20, 0, NULL, '2025-07-23 23:22:10'),
	(161, 'passager_test_1753305730303', 'passager.1753305730303@test.com', '$2b$10$UbHXjpY9R1XpKMTRNgR3uuKVaipICE7zUXQRLi.wMoPgCqaR6wOLS', 20, 0, NULL, '2025-07-23 23:22:10'),
	(162, 'driver_history_1753306053654', 'driver_history_1753306053654@test.com', '$2b$10$b2s./OE1V/q6BKAmJ3YdDeTWSOMuTGAb9hl6q7G3qErB/PNa5yXiS', 20, 0, NULL, '2025-07-23 23:27:33'),
	(163, 'passenger_history_1753306053654', 'passenger_history_1753306053654@test.com', '$2b$10$eoNGgnenL1yZNM01Li7N2Os3BMzcbCl13/srTg7vfPEzlD1fd9xSO', 20, 0, NULL, '2025-07-23 23:27:33'),
	(164, 'driver_history_1753306485351', 'driver_history_1753306485351@test.com', '$2b$10$rsIhzLOLd2zVWpmsf8Dnyu33u.GQcIIPKGS4S3Tjhgw9vijuI1iRy', 20, 0, NULL, '2025-07-23 23:34:45'),
	(165, 'passenger_history_1753306485351', 'passenger_history_1753306485351@test.com', '$2b$10$Ep5bASrBOli7cfnpUBFRl.KST0kud5wau3fNR1gUr5hZZ/e5axaxi', 20, 0, NULL, '2025-07-23 23:34:45'),
	(166, 'driver_history_1753306517700', 'driver_history_1753306517700@test.com', '$2b$10$ugVqyW3WI2w1t.Gar.64WO7NCioQbIW7izWusJNSAtJQYMZVMsXBy', 20, 0, NULL, '2025-07-23 23:35:17'),
	(167, 'passenger_history_1753306517700', 'passenger_history_1753306517700@test.com', '$2b$10$Z77j3Y6KqE7eS3SRtQF2oe6HiGItG/qL5DdDC07.VDWT/ZhXcQMne', 20, 0, NULL, '2025-07-23 23:35:17'),
	(168, 'driver_history_1753306542832', 'driver_history_1753306542832@test.com', '$2b$10$5Ct06Ps.YnxheedNCiGruu6WOMQQthj1fkIG1BZT1s1h7P394dwV.', 20, 0, NULL, '2025-07-23 23:35:42'),
	(169, 'passenger_history_1753306542832', 'passenger_history_1753306542832@test.com', '$2b$10$/1v7KXCB9bin5srxMsbySOqh2ej8zj8QQwzTaPplLwh2RA2HJHqCO', 20, 0, NULL, '2025-07-23 23:35:43'),
	(170, 'driver_history_1753306662344', 'driver_history_1753306662344@test.com', '$2b$10$eJajKOLBgwvTdDYb/V5otONflpA7NWJ/Q1.9F3JHUZotq/M5VMpVK', 20, 0, NULL, '2025-07-23 23:37:42'),
	(171, 'passenger_history_1753306662344', 'passenger_history_1753306662344@test.com', '$2b$10$MpJOOguFM6wOUTOkKV/eqOx/ccJFagpk/toeM1f.4g5POKZ65ek9u', 10, 0, NULL, '2025-07-23 23:37:42'),
	(172, 'ChauffeurTest1753307225186', 'driver_cancel_1753307225186@test.com', '$2b$10$Jj47hrZeuLbYfOTpi3nlB.eIXKl7q.t/CDhoRcvU/8HUmPOt1QNYC', 20, 0, NULL, '2025-07-23 23:47:05'),
	(173, 'ChauffeurTest1753307375858', 'driver_cancel_1753307375858@test.com', '$2b$10$IilKNF5iS6AWHTnrLI1xQ.8But.5Wxap4B6NByyIyhVcDDp2kBIiG', 20, 0, NULL, '2025-07-23 23:49:35'),
	(174, 'ChauffeurTest1753307417592', 'driver_cancel_1753307417592@test.com', '$2b$10$wHcsDiiCBM01DMHLePCRAuqPOligjw/CmFAL5SS7CSSFa/GCrgcVS', 20, 0, NULL, '2025-07-23 23:50:17'),
	(175, 'ChauffeurTest1753307517182', 'driver_cancel_1753307517182@test.com', '$2b$10$CcFF3anj7bzcfDUvAxVAxuNLHQPkqzO.mAdqXZ3YRVqv72E/RqYLm', 20, 0, NULL, '2025-07-23 23:51:57'),
	(176, 'ChauffeurTest1753307550402', 'driver_cancel_1753307550402@test.com', '$2b$10$SeCfzvuWcpOPnHUHzbK.AOPZuDJz.RXeVivJKy.rkcoEh2.PncUxS', 20, 0, NULL, '2025-07-23 23:52:30'),
	(177, 'PassagerTest1753307550402', 'passenger_cancel_1753307550402@test.com', '$2b$10$OAI2h2k5fDHnqRPqjMZ0y.VYl/Fw8pzpLQFQ4Nh.hQkt/DkWZBzDy', 20, 0, NULL, '2025-07-23 23:52:30'),
	(178, 'ChauffeurTest1753307629337', 'driver_cancel_1753307629337@test.com', '$2b$10$tiugwJ4J5Xz74ulND7jiJeBPFV/DwTlQWXUd4DQQCqy8MsJcd.9ZC', 20, 0, NULL, '2025-07-23 23:53:49'),
	(179, 'PassagerTest1753307629337', 'passenger_cancel_1753307629337@test.com', '$2b$10$hTqI8i3HTQBcndb2J6yws.t6nl95wld9JClTFuEgOY4gNa3cyFTp.', 20, 0, NULL, '2025-07-23 23:53:49'),
	(180, 'ChauffeurTest1753307654242', 'driver_cancel_1753307654242@test.com', '$2b$10$eN1GjsDiwt8GuZ3O8cL/YeJGHpKo4YW5bZMEnzYXvg/.KEepjT7My', 20, 0, NULL, '2025-07-23 23:54:14'),
	(181, 'PassagerTest1753307654242', 'passenger_cancel_1753307654242@test.com', '$2b$10$mAeG6J8V8/aF8OXAzulg/ukVXdrTQ9eD5647QDtOHZEjh6lpdbPO.', 20, 0, NULL, '2025-07-23 23:54:14'),
	(182, 'ChauffeurTest1753307680948', 'driver_cancel_1753307680948@test.com', '$2b$10$5TFWHPtzYPdWZq8HnA4TKOw2ztVzvgEktPYsFPdZkHiG3iDoWSqLS', 20, 0, NULL, '2025-07-23 23:54:41'),
	(183, 'PassagerTest1753307680948', 'passenger_cancel_1753307680948@test.com', '$2b$10$xv5jentDNcM3hpBwNsn7w.SaZ/xs4WnZRUg.IYVtwUXx0DzZHbtxG', 12, 0, NULL, '2025-07-23 23:54:41'),
	(184, 'chauffeur_1753309832305', 'chauffeur_1753309832305@test.com', '$2b$10$.L4jHsa7lBreFo8PS6Hhbed12ebK6RPYJ6CtryUNkz9msJJ2Jw5rO', 20, 0, NULL, '2025-07-24 00:30:32'),
	(185, 'passager_1753309832305', 'passager_1753309832305@test.com', '$2b$10$FZgHX1TfVLJPfe/qQuFUxeZSaQQKsFPS.Yr1hXv88j3oXK6zqa7F2', 20, 0, NULL, '2025-07-24 00:30:32'),
	(186, 'employe_1753309832305', 'employe_1753309832305@test.com', '$2b$10$GByqSnL.i93cKrYY2kXicOkI0YPGcz7xKcpKwNJ.Sz03UW62PZb/6', 20, 0, NULL, '2025-07-24 00:30:33'),
	(187, 'chauffeur_1753309866315', 'chauffeur_1753309866315@test.com', '$2b$10$Y9lkQ8K9EUhMY05SvO/VO.fggAS.EYn8JfJrBFIZh0gJRgLZjHTRi', 20, 0, NULL, '2025-07-24 00:31:06'),
	(188, 'passager_1753309866315', 'passager_1753309866315@test.com', '$2b$10$m3AgH44VVzwFoTwhKOdGpuZ8R.PtdadvRVM7LPSIblivQ3v8zbwjm', 20, 0, NULL, '2025-07-24 00:31:06'),
	(189, 'employe_1753309866315', 'employe_1753309866315@test.com', '$2b$10$hEmT4ap.oSx3pSy.0Qt8T.aIxI0O.OPd3h1X/jsAAyhnQUQmlomUa', 20, 0, NULL, '2025-07-24 00:31:06'),
	(190, 'chauffeur_1753309882999', 'chauffeur_1753309882999@test.com', '$2b$10$vXMdB/GFKUx2SRjdugfxFe5uPLmbrhZVEe2iz6tjx6fvEjzzywb72', 33, 0, NULL, '2025-07-24 00:31:23'),
	(191, 'passager_1753309882999', 'passager_1753309882999@test.com', '$2b$10$AbB36/9CF1pHs3wNtSONLu4Ig/iq0N41kFqaQ51SEgA/buOfv7REK', 5, 0, NULL, '2025-07-24 00:31:23'),
	(192, 'employe_1753309882999', 'employe_1753309882999@test.com', '$2b$10$3Gno/03YXcdz2H/JIxJz4.F5symwVVW8ubvsEwI.mLD3Sd/E1N3ri', 20, 0, NULL, '2025-07-24 00:31:23'),
	(193, 'Admin', 'admin@ecoride.fr', '$2b$10$1.VDtdb.FiOc8xYZN3hCRuq1IltqQgnviRPguF/848eAMH82tJgCG', 20, 0, NULL, '2025-07-24 04:24:52'),
	(194, 'Micka', 'micka@mail.com', '$2b$10$OCIMqcxKw0AqDI1S4sPU9.Eq7sWNTTXfHr8e1Qxb6Y31AflEsGAgi', 20, 0, NULL, '2025-07-25 03:10:39');

-- Listage de la structure de table railway. user_role
CREATE TABLE IF NOT EXISTS `user_role` (
  `user_id` int NOT NULL,
  `role_id` int NOT NULL,
  PRIMARY KEY (`user_id`,`role_id`),
  KEY `role_id` (`role_id`),
  CONSTRAINT `user_role_ibfk_1` FOREIGN KEY (`user_id`) REFERENCES `user` (`id`) ON DELETE CASCADE,
  CONSTRAINT `user_role_ibfk_2` FOREIGN KEY (`role_id`) REFERENCES `role` (`id`) ON DELETE CASCADE
) ENGINE=InnoDB DEFAULT CHARSET=utf8mb4 COLLATE=utf8mb4_0900_ai_ci;

-- Listage des données de la table railway.user_role : ~169 rows (environ)
DELETE FROM `user_role`;
INSERT INTO `user_role` (`user_id`, `role_id`) VALUES
	(193, 1),
	(27, 2),
	(119, 2),
	(31, 3),
	(37, 3),
	(38, 3),
	(70, 3),
	(72, 3),
	(74, 3),
	(76, 3),
	(78, 3),
	(79, 3),
	(82, 3),
	(85, 3),
	(90, 3),
	(93, 3),
	(96, 3),
	(99, 3),
	(102, 3),
	(107, 3),
	(109, 3),
	(110, 3),
	(112, 3),
	(113, 3),
	(115, 3),
	(116, 3),
	(121, 3),
	(143, 3),
	(146, 3),
	(152, 3),
	(154, 3),
	(156, 3),
	(158, 3),
	(160, 3),
	(162, 3),
	(164, 3),
	(166, 3),
	(168, 3),
	(170, 3),
	(176, 3),
	(178, 3),
	(180, 3),
	(182, 3),
	(184, 3),
	(187, 3),
	(190, 3),
	(27, 4),
	(31, 4),
	(33, 4),
	(34, 4),
	(35, 4),
	(36, 4),
	(37, 4),
	(38, 4),
	(70, 4),
	(71, 4),
	(72, 4),
	(73, 4),
	(74, 4),
	(75, 4),
	(76, 4),
	(77, 4),
	(78, 4),
	(79, 4),
	(80, 4),
	(81, 4),
	(82, 4),
	(83, 4),
	(84, 4),
	(85, 4),
	(86, 4),
	(87, 4),
	(88, 4),
	(89, 4),
	(90, 4),
	(91, 4),
	(92, 4),
	(93, 4),
	(94, 4),
	(95, 4),
	(96, 4),
	(97, 4),
	(98, 4),
	(99, 4),
	(100, 4),
	(101, 4),
	(102, 4),
	(103, 4),
	(104, 4),
	(105, 4),
	(106, 4),
	(107, 4),
	(108, 4),
	(109, 4),
	(110, 4),
	(111, 4),
	(112, 4),
	(113, 4),
	(114, 4),
	(115, 4),
	(116, 4),
	(117, 4),
	(119, 4),
	(120, 4),
	(121, 4),
	(122, 4),
	(123, 4),
	(124, 4),
	(125, 4),
	(126, 4),
	(127, 4),
	(128, 4),
	(129, 4),
	(130, 4),
	(131, 4),
	(132, 4),
	(133, 4),
	(134, 4),
	(135, 4),
	(136, 4),
	(137, 4),
	(138, 4),
	(142, 4),
	(143, 4),
	(145, 4),
	(146, 4),
	(149, 4),
	(152, 4),
	(153, 4),
	(154, 4),
	(155, 4),
	(156, 4),
	(157, 4),
	(158, 4),
	(159, 4),
	(160, 4),
	(161, 4),
	(162, 4),
	(163, 4),
	(164, 4),
	(165, 4),
	(166, 4),
	(167, 4),
	(168, 4),
	(169, 4),
	(170, 4),
	(171, 4),
	(172, 4),
	(173, 4),
	(174, 4),
	(175, 4),
	(176, 4),
	(177, 4),
	(178, 4),
	(179, 4),
	(180, 4),
	(181, 4),
	(182, 4),
	(183, 4),
	(184, 4),
	(185, 4),
	(186, 4),
	(187, 4),
	(188, 4),
	(189, 4),
	(190, 4),
	(191, 4),
	(192, 4),
	(194, 4);

-- Listage de la structure de table railway. vehicle
CREATE TABLE IF NOT EXISTS `vehicle` (
  `id` int NOT NULL AUTO_INCREMENT,
  `plate_number` varchar(20) NOT NULL,
  `first_registration_date` date DEFAULT NULL,
  `model` varchar(100) NOT NULL,
  `seats_available` int NOT NULL,
  `is_electric` tinyint(1) NOT NULL DEFAULT '0',
  `user_id` int NOT NULL,
  `brand_id` int DEFAULT NULL,
  `color_id` int DEFAULT NULL,
  PRIMARY KEY (`id`),
  UNIQUE KEY `plate_number` (`plate_number`),
  KEY `user_id` (`user_id`),
  KEY `brand_id` (`brand_id`),
  KEY `color_id` (`color_id`),
  CONSTRAINT `vehicle_ibfk_1` FOREIGN KEY (`user_id`) REFERENCES `user` (`id`) ON DELETE CASCADE,
  CONSTRAINT `vehicle_ibfk_2` FOREIGN KEY (`brand_id`) REFERENCES `brand` (`id`),
  CONSTRAINT `vehicle_ibfk_3` FOREIGN KEY (`color_id`) REFERENCES `color` (`id`)
) ENGINE=InnoDB AUTO_INCREMENT=52 DEFAULT CHARSET=utf8mb4 COLLATE=utf8mb4_0900_ai_ci;

-- Listage des données de la table railway.vehicle : ~34 rows (environ)
DELETE FROM `vehicle`;
INSERT INTO `vehicle` (`id`, `plate_number`, `first_registration_date`, `model`, `seats_available`, `is_electric`, `user_id`, `brand_id`, `color_id`) VALUES
	(2, 'AB-123-CD', NULL, 'Peugeot 308', 4, 0, 38, 2, 4),
	(18, '3195473838', NULL, 'Clio', 4, 0, 70, 186, 11),
	(19, '3195502780', NULL, 'Clio', 4, 0, 72, 186, 11),
	(20, '3195596411', NULL, 'Clio', 4, 0, 74, 186, 11),
	(21, '3195623374', NULL, 'Clio', 4, 0, 76, 186, 11),
	(22, 'AB-123-997', '2020-01-15', 'Clio V', 4, 0, 78, 186, 12),
	(23, 'CD-456-997', '2019-06-20', 'Prius', 4, 1, 78, 13, 13),
	(24, 'EF-789-997', '2021-03-10', '308', 5, 0, 78, 2, 14),
	(26, 'TEST-593440', NULL, 'Clio', 4, 0, 79, 186, 4),
	(27, 'TEST-983652', NULL, 'Clio', 4, 0, 82, 186, 4),
	(28, 'TEST-168800', NULL, 'Clio', 4, 0, 85, 186, 4),
	(29, 'AB-382-CD', '2020-01-15', 'Clio V', 4, 0, 93, 186, 4),
	(30, 'AB-422-CD', '2020-01-15', 'Clio V', 4, 0, 96, 186, 4),
	(31, 'AB-866-CD', '2020-01-15', 'Clio V', 4, 0, 99, 186, 4),
	(32, 'AB-881-CD', '2020-01-15', 'Clio V', 4, 0, 102, 186, 4),
	(33, 'PREF-127', '2020-01-15', 'Clio V', 4, 0, 107, 186, 4),
	(34, 'ST-969-CT', '2022-01-01', 'Model S', 4, 1, 109, 187, 14),
	(35, 'FL-969-EX', '2020-01-01', 'Espace', 6, 0, 110, 186, 12),
	(36, 'ST-179-CT', '2022-01-01', 'Model S', 4, 1, 112, 187, 14),
	(37, 'FL-179-EX', '2020-01-01', 'Espace', 6, 0, 113, 186, 12),
	(38, 'ST-656-CT', '2022-01-01', 'Model S', 4, 1, 115, 187, 14),
	(39, 'FL-656-EX', '2020-01-01', 'Espace', 6, 0, 116, 186, 12),
	(40, 'Test', NULL, 'Test', 2, 1, 143, 188, 15),
	(41, 'AA-87989', NULL, 'Zhioqzd', 3, 0, 143, 189, 16),
	(42, 'TEST-1753305198645', NULL, 'Prius', 4, 1, 156, 13, 12),
	(43, 'TEST-1753305268726', NULL, 'Prius', 4, 1, 158, 13, 12),
	(44, 'TEST-1753305730303', NULL, 'Prius', 4, 1, 160, 13, 12),
	(45, 'HR7700', '2020-01-15', 'Clio', 4, 0, 166, 186, 4),
	(46, 'HR2344', '2020-01-15', 'Clio', 4, 0, 170, 186, 4),
	(47, 'TC1753307654242', '2022-01-15', 'Prius', 4, 0, 180, 13, 12),
	(48, 'TC1753307680948', '2022-01-15', 'Prius', 4, 0, 182, 13, 12),
	(49, 'TEST-832305', NULL, 'Clio', 3, 0, 184, 186, 4),
	(50, 'TEST-866315', NULL, 'Clio', 3, 0, 187, 186, 4),
	(51, 'TEST-882999', NULL, 'Clio', 3, 0, 190, 186, 4);

/*!40103 SET TIME_ZONE=IFNULL(@OLD_TIME_ZONE, 'system') */;
/*!40101 SET SQL_MODE=IFNULL(@OLD_SQL_MODE, '') */;
/*!40014 SET FOREIGN_KEY_CHECKS=IFNULL(@OLD_FOREIGN_KEY_CHECKS, 1) */;
/*!40101 SET CHARACTER_SET_CLIENT=@OLD_CHARACTER_SET_CLIENT */;
/*!40111 SET SQL_NOTES=IFNULL(@OLD_SQL_NOTES, 1) */;
